<?xml version="1.0" encoding="UTF-8"?>
<!DOCTYPE mapper
  PUBLIC "-//mybatis.org//DTD Mapper 3.0//EN"
  "https://mybatis.org/dtd/mybatis-3-mapper.dtd">
<mapper namespace="members">

	<!-- 회원가입 중 탈퇴한 사람의 아이디를 쓸 수 없도록 해야함 -->
	<select id="search" parameterType="string"
		resultType="MembersVO">
		SELECT MEM_ID, MEMPW, NAME, ADDRESS, PHONE, BIRTH, EMAIL,
		STATEMENT
		FROM MEMBERS
		WHERE MEM_ID = #{memId}
	</select>

	<!-- 탈퇴하지 않은 회원(1명)의 정보 조회 (+ 비밀번호 찾기) -->
	<select id="selectOne" parameterType="string"
		resultType="MembersVO">
		SELECT MEM_ID, MEMPW, NAME, ADDRESS, PHONE, BIRTH, EMAIL,
		STATEMENT
		FROM MEMBERS
		WHERE MEM_ID = #{memId}
		AND STATEMENT = 'O'
	</select>

	<!-- 탈퇴하지 않은 회원의 아이디 찾기 -->
	<select id="findID" parameterType="MembersVO"
		resultType="MembersVO">
		SELECT MEM_ID, MEMPW, NAME, ADDRESS, PHONE, BIRTH, EMAIL,
		STATEMENT
		FROM MEMBERS
		WHERE NAME = #{name}
		AND PHONE = #{phone}
		AND BIRTH = #{birth}
		AND EMAIL = #{email}
		AND STATEMENT = 'O'
	</select>

	<!-- 로그인을 위해 아이디, 비밀번호로 회원 조회 -->
	<select id="login" parameterType="MembersVO"
		resultType="MembersVO">
		SELECT MEM_ID, MEMPW, NAME, ADDRESS, PHONE, BIRTH, EMAIL,
		STATEMENT
		FROM MEMBERS
		WHERE MEM_ID = #{memId}
		AND MEMPW = #{memPw}
		AND STATEMENT = 'O'
	</select>

	<!-- 회원가입 -->
	<insert id="signUp" parameterType="membersVO">
		INSERT INTO MEMBERS
		(MEM_ID, MEMPW, NAME, ADDRESS, PHONE, BIRTH, EMAIL, STATEMENT)
		VALUES
		(#{memId}, #{memPw}, #{name}, #{address}, #{phone}, #{birth},
		#{email}, 'O')
	</insert>

	<!-- 개인 정보 수정 -->
	<update id="update" parameterType="MembersVO">
		UPDATE MEMBERS
		SET MEMPW =
		#{memPw},
		NAME = #{name},
		ADDRESS = #{address},
		PHONE = #{phone},
		BIRTH =
		#{birth},
		EMAIL = #{email}
		WHERE MEM_ID = #{memId}
		AND STATEMENT = 'O'
	</update>

	<!-- 회원 탈퇴(상태만) -->
	<update id="dropOut" parameterType="MembersVO">
		UPDATE MEMBERS
		SET STATEMENT =
		'X'
		WHERE MEM_ID = #{memId}
		AND MEMPW = #{memPw}
	</update>

	<!-- 전체 책 목록 조회(관리자페이지) -->
	<select id="listAll" resultType="MembersVO">
		SELECT * FROM MEMBERS
		ORDER BY
		NAME
	</select>

</mapper>